# module	seconds	peak_mb -- written by scripts/build_pool.py
FourColor	2.1	3260
FourColor.Adjoin	1.4	1764
FourColor.Approx	3.7	2265
FourColor.Birkhoff	10.4	3184
FourColor.Bulk.Cfg.Grp06_00	2.7	2494
FourColor.Bulk.Cfg.Grp07_00	3.0	2496
FourColor.Bulk.Cfg.Grp08_00	7.9	2508
FourColor.Bulk.Cfg.Grp09_00	12.9	2535
FourColor.Bulk.Cfg.Grp10_00	56.8	2613
FourColor.Bulk.Cfg.Grp11_00	87.4	2710
FourColor.Bulk.Cfg.Grp11_01	87.5	2683
FourColor.Bulk.Cfg.Grp11_02	38.6	2610
FourColor.Bulk.Cfg.Grp12_00	71.8	2764
FourColor.Bulk.Cfg.Grp12_01	73.8	2765
FourColor.Bulk.Cfg.Grp12_02	74.3	2752
FourColor.Bulk.Cfg.Grp12_03	72.8	2763
FourColor.Bulk.Cfg.Grp12_04	73.6	2755
FourColor.Bulk.Cfg.Grp12_05	69.7	2740
FourColor.Bulk.Cfg.Grp12_06	72.2	2764
FourColor.Bulk.Cfg.Grp12_07	74.5	2788
FourColor.Bulk.Cfg.Grp12_08	72.0	2767
FourColor.Bulk.Cfg.Grp12_09	57.3	2731
FourColor.Bulk.Cfg.Grp13_00	77.4	3120
FourColor.Bulk.Cfg.Grp13_01	69.6	3117
FourColor.Bulk.Cfg.Grp13_02	72.6	3155
FourColor.Bulk.Cfg.Grp13_03	71.8	3170
FourColor.Bulk.Cfg.Grp13_04	70.5	3189
FourColor.Bulk.Cfg.Grp13_05	70.2	3091
FourColor.Bulk.Cfg.Grp13_06	70.8	3179
FourColor.Bulk.Cfg.Grp13_07	72.4	3167
FourColor.Bulk.Cfg.Grp13_08	70.4	3120
FourColor.Bulk.Cfg.Grp13_09	67.9	3121
FourColor.Bulk.Cfg.Grp13_10	73.0	3166
FourColor.Bulk.Cfg.Grp13_11	72.2	3153
FourColor.Bulk.Cfg.Grp13_12	69.5	3151
FourColor.Bulk.Cfg.Grp13_13	74.0	3160
FourColor.Bulk.Cfg.Grp13_14	72.1	3116
FourColor.Bulk.Cfg.Grp13_15	73.7	3190
FourColor.Bulk.Cfg.Grp13_16	72.5	3160
FourColor.Bulk.Cfg.Grp13_17	72.9	3179
FourColor.Bulk.Cfg.Grp13_18	36.3	3075
FourColor.Bulk.Cfg.Grp14_00	81.2	4457
FourColor.Bulk.Cfg.Grp14_01	84.0	4434
FourColor.Bulk.Cfg.Grp14_02	82.2	4485
FourColor.Bulk.Cfg.Grp14_03	80.0	4496
FourColor.Bulk.Cfg.Grp14_04	79.8	4442
FourColor.Bulk.Cfg.Grp14_05	81.7	4470
FourColor.Bulk.Cfg.Grp14_06	81.7	4481
FourColor.Bulk.Cfg.Grp14_07	79.9	4479
FourColor.Bulk.Cfg.Grp14_08	79.8	4444
FourColor.Bulk.Cfg.Grp14_09	84.8	4481
FourColor.Bulk.Cfg.Grp14_10	80.5	4441
FourColor.Bulk.Cfg.Grp14_11	79.3	4228
FourColor.Bulk.Cfg.Grp14_12	81.3	4483
FourColor.Bulk.Cfg.Grp14_13	83.4	4465
FourColor.Bulk.Cfg.Grp14_14	82.8	4491
FourColor.Bulk.Cfg.Grp14_15	81.8	4493
FourColor.Bulk.Cfg.Grp14_16	83.4	4482
FourColor.Bulk.Cfg.Grp14_17	81.2	4432
FourColor.Bulk.Cfg.Grp14_18	84.7	4446
FourColor.Bulk.Cfg.Grp14_19	84.2	4480
FourColor.Bulk.Cfg.Grp14_20	83.9	4499
FourColor.Bulk.Cfg.Grp14_21	78.8	4262
FourColor.Bulk.Cfg.Grp14_22	81.0	4443
FourColor.Bulk.Cfg.Grp14_23	82.1	4473
FourColor.Bulk.Cfg.Grp14_24	25.7	4425
FourColor.Bulk.Cfg.Hyb033	7.5	2549
FourColor.Bulk.Cfg.Hyb051	7.8	2580
FourColor.Bulk.Cfg.Hyb059	8.1	2584
FourColor.Bulk.Cfg.Hyb072	12.5	2732
FourColor.Bulk.Cfg.Hyb073	12.4	2731
FourColor.Bulk.Cfg.Hyb079	10.8	2732
FourColor.Bulk.Cfg.Hyb082	57.4	3527
FourColor.Bulk.Cfg.Hyb094	20.3	3082
FourColor.Bulk.Cfg.Hyb138	14.7	2760
FourColor.Bulk.Cfg.Hyb140	15.5	2756
FourColor.Bulk.Cfg.Hyb141	12.0	2754
FourColor.Bulk.Cfg.Hyb143	10.3	2754
FourColor.Bulk.Cfg.Hyb144	11.7	2752
FourColor.Bulk.Cfg.Hyb145	11.4	2733
FourColor.Bulk.Cfg.Hyb151	2.5	2486
FourColor.Bulk.Cfg.Hyb151A	8.4	3106
FourColor.Bulk.Cfg.Hyb151B	12.8	3374
FourColor.Bulk.Cfg.Hyb151C	10.9	2577
FourColor.Bulk.Cfg.Hyb151D	8.4	2521
FourColor.Bulk.Cfg.Hyb151K1	15.6	3780
FourColor.Bulk.Cfg.Hyb151K2	12.6	3617
FourColor.Bulk.Cfg.Hyb151K3	13.7	3659
FourColor.Bulk.Cfg.Hyb171	21.3	3082
FourColor.Bulk.Cfg.Hyb179	19.3	3148
FourColor.Bulk.Cfg.Hyb181	24.6	3148
FourColor.Bulk.Cfg.Hyb191	24.1	3138
FourColor.Bulk.Cfg.Hyb192	23.6	3154
FourColor.Bulk.Cfg.Hyb194	24.1	3143
FourColor.Bulk.Cfg.Hyb196	24.8	3164
FourColor.Bulk.Cfg.Hyb197	23.4	3138
FourColor.Bulk.Cfg.Hyb202	51.1	4479
FourColor.Bulk.Cfg.Hyb203	18.0	3082
FourColor.Bulk.Cfg.Hyb218	2.1	2495
FourColor.Bulk.Cfg.Hyb218A	15.5	4426
FourColor.Bulk.Cfg.Hyb218B	284.0	20547
FourColor.Bulk.Cfg.Hyb218C	239.5	3842
FourColor.Bulk.Cfg.Hyb218D	25.3	2574
FourColor.Bulk.Cfg.Hyb218K1	220.9	14469
FourColor.Bulk.Cfg.Hyb218K2	225.8	15055
FourColor.Bulk.Cfg.Hyb218K3	168.1	14839
FourColor.Bulk.Cfg.Hyb227	42.7	4467
FourColor.Bulk.Cfg.Hyb228	44.5	4467
FourColor.Bulk.Cfg.Hyb230	44.9	4467
FourColor.Bulk.Cfg.Hyb234	44.7	4522
FourColor.Bulk.Cfg.Hyb252	22.6	3155
FourColor.Bulk.Cfg.Hyb254	21.1	3137
FourColor.Bulk.Cfg.Hyb256	19.4	3149
FourColor.Bulk.Cfg.Hyb259	21.0	3151
FourColor.Bulk.Cfg.Hyb261	24.2	3156
FourColor.Bulk.Cfg.Hyb280	2.1	2423
FourColor.Bulk.Cfg.Hyb280A	14.1	4205
FourColor.Bulk.Cfg.Hyb280B	181.2	14526
FourColor.Bulk.Cfg.Hyb280C	145.4	3007
FourColor.Bulk.Cfg.Hyb280D	23.9	2565
FourColor.Bulk.Cfg.Hyb280K1	121.2	10260
FourColor.Bulk.Cfg.Hyb280K2	124.3	10838
FourColor.Bulk.Cfg.Hyb280K3	97.9	10767
FourColor.Bulk.Cfg.Hyb282	41.5	4466
FourColor.Bulk.Cfg.Hyb285	45.4	4466
FourColor.Bulk.Cfg.Hyb289	53.0	4482
FourColor.Bulk.Cfg.Hyb290	43.6	4465
FourColor.Bulk.Cfg.Hyb292	42.8	4463
FourColor.Bulk.Cfg.Hyb295	50.7	4466
FourColor.Bulk.Cfg.Hyb300	49.5	4531
FourColor.Bulk.Cfg.Hyb303	49.1	4464
FourColor.Bulk.Cfg.Hyb308	43.7	4467
FourColor.Bulk.Cfg.Hyb310	41.9	4463
FourColor.Bulk.Cfg.Hyb311	42.6	4280
FourColor.Bulk.Cfg.Hyb317	51.3	4469
FourColor.Bulk.Cfg.Hyb335	9.1	2588
FourColor.Bulk.Cfg.Hyb338	7.9	2585
FourColor.Bulk.Cfg.Hyb353	11.5	2732
FourColor.Bulk.Cfg.Hyb355	12.0	2754
FourColor.Bulk.Cfg.Hyb358	12.3	2730
FourColor.Bulk.Cfg.Hyb361	11.1	2691
FourColor.Bulk.Cfg.Hyb364	11.1	2710
FourColor.Bulk.Cfg.Hyb376	20.0	3095
FourColor.Bulk.Cfg.Hyb377	25.6	3154
FourColor.Bulk.Cfg.Hyb378	21.7	3150
FourColor.Bulk.Cfg.Hyb379	19.6	3134
FourColor.Bulk.Cfg.Hyb380	18.5	3152
FourColor.Bulk.Cfg.Hyb381	21.2	3103
FourColor.Bulk.Cfg.Hyb393	2.1	2490
FourColor.Bulk.Cfg.Hyb393A	15.4	4203
FourColor.Bulk.Cfg.Hyb393B	91.0	8893
FourColor.Bulk.Cfg.Hyb393C	81.4	2845
FourColor.Bulk.Cfg.Hyb393D	20.5	2557
FourColor.Bulk.Cfg.Hyb393K1	61.7	7529
FourColor.Bulk.Cfg.Hyb393K2	63.2	7369
FourColor.Bulk.Cfg.Hyb393K3	52.0	7391
FourColor.Bulk.Cfg.Hyb398	51.6	4469
FourColor.Bulk.Cfg.Hyb410	13.3	2752
FourColor.Bulk.Cfg.Hyb411	12.4	2754
FourColor.Bulk.Cfg.Hyb427	12.0	2732
FourColor.Bulk.Cfg.Hyb444	24.6	3165
FourColor.Bulk.Cfg.Hyb445	22.4	3145
FourColor.Bulk.Cfg.Hyb447	25.3	3170
FourColor.Bulk.Cfg.Hyb448	20.6	3150
FourColor.Bulk.Cfg.Hyb453	45.8	3423
FourColor.Bulk.Cfg.Hyb455	23.5	3150
FourColor.Bulk.Cfg.Hyb456	19.1	3150
FourColor.Bulk.Cfg.Hyb457	20.9	3152
FourColor.Bulk.Cfg.Hyb458	19.7	3138
FourColor.Bulk.Cfg.Hyb460	20.4	3153
FourColor.Bulk.Cfg.Hyb465	25.9	3221
FourColor.Bulk.Cfg.Hyb467	21.6	3152
FourColor.Bulk.Cfg.Hyb469	25.8	3170
FourColor.Bulk.Cfg.Hyb473	19.8	3065
FourColor.Bulk.Cfg.Hyb485	41.0	4242
FourColor.Bulk.Cfg.Hyb489	43.4	4242
FourColor.Bulk.Cfg.Hyb498	40.1	4469
FourColor.Bulk.Cfg.Hyb501	51.8	4484
FourColor.Bulk.Cfg.Hyb502	47.5	4470
FourColor.Bulk.Cfg.Hyb504	54.2	4472
FourColor.Bulk.Cfg.Hyb506	47.3	4466
FourColor.Bulk.Cfg.Hyb521	25.2	3178
FourColor.Bulk.Cfg.Hyb530	38.9	4461
FourColor.Bulk.Cfg.Hyb534	47.5	4466
FourColor.Bulk.Cfg.Hyb539	15.9	3080
FourColor.Bulk.Cfg.Hyb541	40.9	4467
FourColor.Bulk.Cfg.Hyb542	40.7	4468
FourColor.Bulk.Cfg.Hyb549	47.0	4247
FourColor.Bulk.Cfg.Hyb558	20.3	3150
FourColor.Bulk.Cfg.Hyb561	2.2	2492
FourColor.Bulk.Cfg.Hyb561A	14.1	4204
FourColor.Bulk.Cfg.Hyb561B	240.6	17864
FourColor.Bulk.Cfg.Hyb561C	198.4	3104
FourColor.Bulk.Cfg.Hyb561D	27.1	2592
FourColor.Bulk.Cfg.Hyb561K1	177.6	12705
FourColor.Bulk.Cfg.Hyb561K2	173.2	12777
FourColor.Bulk.Cfg.Hyb561K3	128.9	12934
FourColor.Bulk.Cfg.Hyb562	45.2	4466
FourColor.Bulk.Cfg.Hyb574	24.2	2913
FourColor.Bulk.Cfg.Hyb575	13.5	2739
FourColor.Bulk.Cfg.Hyb583	25.4	3161
FourColor.Bulk.Cfg.Hyb584	19.6	3152
FourColor.Bulk.Cfg.Hyb587	25.8	3180
FourColor.Bulk.Cfg.Hyb592	21.5	3101
FourColor.Bulk.Cfg.Hyb602	20.5	3158
FourColor.Bulk.Cfg.Hyb612	2.1	2492
FourColor.Bulk.Cfg.Hyb612A	14.3	4202
FourColor.Bulk.Cfg.Hyb612B	138.7	11652
FourColor.Bulk.Cfg.Hyb612C	108.6	3044
FourColor.Bulk.Cfg.Hyb612D	23.1	2590
FourColor.Bulk.Cfg.Hyb612K1	84.4	9070
FourColor.Bulk.Cfg.Hyb612K2	91.0	9223
FourColor.Bulk.Cfg.Hyb612K3	69.8	9192
FourColor.Bulk.Cfg.Hyb617	43.2	4465
FourColor.Bulk.Cfg.Hyb619	44.2	4468
FourColor.Bulk.Cfg.Hyb620	42.2	4466
FourColor.Bulk.Cfg.Hyb625	21.0	3152
FourColor.Bulk.Cfg.Hyb629	54.7	4616
FourColor.Bulk.Checks	1.6	1778
FourColor.Bulk.Chords	2.6	1747
FourColor.Bulk.Coclosure	1.1	1590
FourColor.Bulk.Digits	2.5	1859
FourColor.Bulk.Flip	2.0	1844
FourColor.Bulk.Fold	3.7	2166
FourColor.Bulk.FoldList	2.5	2030
FourColor.Bulk.Hybrid	2.6	2047
FourColor.Bulk.HybridC	4.1	2092
FourColor.Bulk.HybridT	10.3	3420
FourColor.Bulk.Index	1.9	1783
FourColor.Bulk.Kempe	7.9	1841
FourColor.Bulk.Lanes	2.3	2097
FourColor.Bulk.Lit	1.0	1586
FourColor.Bulk.Masks	2.2	1822
FourColor.Bulk.Move	1.8	1815
FourColor.Bulk.Pair	1.6	1806
FourColor.Bulk.Perms	2.1	1816
FourColor.Bulk.Reducible	1.6	2030
FourColor.Bulk.Small	3.9	2109
FourColor.Cert	1.8	2030
FourColor.CertBase	1.4	1996
FourColor.CertFlip	1.5	1619
FourColor.CfColor	3.6	2090
FourColor.CfContract	11.4	2448
FourColor.CfMap	6.6	2273
FourColor.CfQuiz	15.7	2229
FourColor.CfReducible	1.6	2032
FourColor.Chromogram	2.2	1681
FourColor.Color	3.1	1746
FourColor.Coloring	3.5	2015
FourColor.Combinatorial	1.6	2188
FourColor.Complete	2.7	3231
FourColor.Component	1.3	1780
FourColor.Configurations	12.8	2463
FourColor.Contract	3.1	2121
FourColor.Ctree	2.2	1685
FourColor.CtreeRestrict	4.4	1626
FourColor.Cube	1.9	2012
FourColor.Discharge	2.5	2099
FourColor.Discretize	2.3	2254
FourColor.Dyck	0.9	1211
FourColor.Embed	7.1	2287
FourColor.Euler	1.4	1960
FourColor.EulerTree	2.0	2019
FourColor.Finitize	2.0	2220
FourColor.FourColorTheorem	2.3	2185
FourColor.Geometry	2.9	2040
FourColor.Grid	2.9	2099
FourColor.GridMap	3.5	2118
FourColor.Gtree	2.0	1645
FourColor.GtreeRestrict	1.7	1627
FourColor.HubCap	3.2	2088
FourColor.Hypermap	2.1	2003
FourColor.InitCtree	2.3	1696
FourColor.InitGtree	2.3	1690
FourColor.Jordan	2.2	2017
FourColor.Kempe	6.5	2163
FourColor.KempeTree	4.1	1706
FourColor.Main	2.0	2254
FourColor.Mask.Cfg033	1.7	2085
FourColor.Mask.Cfg051	1.9	2085
FourColor.Mask.Cfg059	2.0	2091
FourColor.Mask.Cfg072	2.2	2114
FourColor.Mask.Cfg073	2.0	2102
FourColor.Mask.Cfg079	2.0	2086
FourColor.Mask.Cfg082	25.3	3337
FourColor.Mask.Cfg094	2.4	2189
FourColor.Mask.Cfg138	2.4	2160
FourColor.Mask.Cfg140	2.2	2153
FourColor.Mask.Cfg141	1.7	2061
FourColor.Mask.Cfg143	1.9	2060
FourColor.Mask.Cfg144	2.0	2077
FourColor.Mask.Cfg145	2.1	2093
FourColor.Mask.Cfg151	41.4	3268
FourColor.Mask.Cfg171	1.9	2073
FourColor.Mask.Cfg179	2.0	2080
FourColor.Mask.Cfg181	3.9	2303
FourColor.Mask.Cfg191	4.8	2441
FourColor.Mask.Cfg192	3.6	2308
FourColor.Mask.Cfg194	3.2	2197
FourColor.Mask.Cfg196	3.7	2260
FourColor.Mask.Cfg197	3.4	2252
FourColor.Mask.Cfg202	4.7	2443
FourColor.Mask.Cfg203	1.8	2092
FourColor.Mask.Cfg218	358.1	2633
FourColor.Mask.Cfg227	2.3	2140
FourColor.Mask.Cfg228	2.7	2139
FourColor.Mask.Cfg230	3.4	2256
FourColor.Mask.Cfg234	4.3	2359
FourColor.Mask.Cfg252	2.7	2186
FourColor.Mask.Cfg254	2.6	2117
FourColor.Mask.Cfg256	1.9	2092
FourColor.Mask.Cfg259	2.6	2136
FourColor.Mask.Cfg261	3.8	2308
FourColor.Mask.Cfg280	322.8	2775
FourColor.Mask.Cfg282	2.3	2050
FourColor.Mask.Cfg285	3.3	2213
FourColor.Mask.Cfg289	9.6	3055
FourColor.Mask.Cfg290	2.3	2112
FourColor.Mask.Cfg292	4.9	2429
FourColor.Mask.Cfg295	6.1	2611
FourColor.Mask.Cfg300	5.5	2493
FourColor.Mask.Cfg303	6.3	2619
FourColor.Mask.Cfg308	3.7	2252
FourColor.Mask.Cfg310	2.6	2174
FourColor.Mask.Cfg311	4.0	2369
FourColor.Mask.Cfg317	6.2	2629
FourColor.Mask.Cfg335	2.1	2097
FourColor.Mask.Cfg338	1.8	2080
FourColor.Mask.Cfg353	2.1	2106
FourColor.Mask.Cfg355	2.1	2076
FourColor.Mask.Cfg358	2.2	2122
FourColor.Mask.Cfg361	2.1	2090
FourColor.Mask.Cfg364	1.9	2085
FourColor.Mask.Cfg376	2.6	2178
FourColor.Mask.Cfg377	3.4	2242
FourColor.Mask.Cfg378	2.8	2153
FourColor.Mask.Cfg379	1.8	2086
FourColor.Mask.Cfg380	1.9	2097
FourColor.Mask.Cfg381	3.5	2304
FourColor.Mask.Cfg393	194.9	2797
FourColor.Mask.Cfg398	6.1	2605
FourColor.Mask.Cfg410	2.3	2094
FourColor.Mask.Cfg411	1.9	2094
FourColor.Mask.Cfg427	2.2	2081
FourColor.Mask.Cfg444	3.9	2312
FourColor.Mask.Cfg445	3.0	2204
FourColor.Mask.Cfg447	4.5	2372
FourColor.Mask.Cfg448	2.2	2094
FourColor.Mask.Cfg453	19.4	3679
FourColor.Mask.Cfg455	2.8	2180
FourColor.Mask.Cfg456	1.7	2077
FourColor.Mask.Cfg457	2.2	2100
FourColor.Mask.Cfg458	2.6	2200
FourColor.Mask.Cfg460	2.3	2100
FourColor.Mask.Cfg465	5.8	2546
FourColor.Mask.Cfg467	2.3	2131
FourColor.Mask.Cfg469	6.8	2689
FourColor.Mask.Cfg473	2.1	2086
FourColor.Mask.Cfg485	3.3	2276
FourColor.Mask.Cfg489	4.0	2312
FourColor.Mask.Cfg498	3.3	2227
FourColor.Mask.Cfg501	6.3	2646
FourColor.Mask.Cfg502	4.3	2362
FourColor.Mask.Cfg504	6.6	2649
FourColor.Mask.Cfg506	5.1	2486
FourColor.Mask.Cfg521	2.9	2185
FourColor.Mask.Cfg530	2.2	2103
FourColor.Mask.Cfg534	6.0	2551
FourColor.Mask.Cfg539	1.8	2076
FourColor.Mask.Cfg541	2.0	2096
FourColor.Mask.Cfg542	2.8	2149
FourColor.Mask.Cfg549	5.5	2475
FourColor.Mask.Cfg558	2.4	2095
FourColor.Mask.Cfg561	518.4	3092
FourColor.Mask.Cfg562	2.7	2173
FourColor.Mask.Cfg574	11.3	3260
FourColor.Mask.Cfg575	2.0	2090
FourColor.Mask.Cfg583	4.6	2408
FourColor.Mask.Cfg584	2.2	2108
FourColor.Mask.Cfg587	5.5	2549
FourColor.Mask.Cfg592	2.5	2176
FourColor.Mask.Cfg602	2.3	2114
FourColor.Mask.Cfg612	460.3	2890
FourColor.Mask.Cfg617	2.2	2108
FourColor.Mask.Cfg619	2.4	2126
FourColor.Mask.Cfg620	4.1	2293
FourColor.Mask.Cfg625	2.6	2117
FourColor.Mask.Cfg629	14.8	3566
FourColor.MaskCert	2.0	1675
FourColor.MaskChord	2.0	2033
FourColor.MaskRank	1.3	1637
FourColor.MaskWit	2.7	2040
FourColor.Matte	5.8	2232
FourColor.Nonvacuity	6.1	3363
FourColor.Orbit	1.5	1967
FourColor.Part	10.7	2322
FourColor.Patch	3.3	2083
FourColor.Path	1.1	1495
FourColor.Perm	1.9	2006
FourColor.Present	2.0	2019
FourColor.Present10	2.0	2009
FourColor.Present10Chk1	21.0	2947
FourColor.Present10Chk10	58.6	3549
FourColor.Present10Chk11	26.3	2987
FourColor.Present10Chk12	30.5	2500
FourColor.Present10Chk13	35.0	3533
FourColor.Present10Chk14	30.3	2951
FourColor.Present10Chk15	20.3	2532
FourColor.Present10Chk16	15.0	2379
FourColor.Present10Chk17	18.4	2194
FourColor.Present10Chk18	36.0	3050
FourColor.Present10Chk19	17.1	2417
FourColor.Present10Chk2	30.2	2805
FourColor.Present10Chk20	29.9	2751
FourColor.Present10Chk21	45.1	3024
FourColor.Present10Chk22	38.0	3058
FourColor.Present10Chk23	30.3	2546
FourColor.Present10Chk24	30.8	2512
FourColor.Present10Chk3	16.9	2608
FourColor.Present10Chk4	29.5	2979
FourColor.Present10Chk5	80.6	3612
FourColor.Present10Chk6	42.7	2969
FourColor.Present10Chk7	12.3	2455
FourColor.Present10Chk8	30.5	3033
FourColor.Present10Chk9	21.1	2725
FourColor.Present10Defs	6.2	2308
FourColor.Present10Hub1	2.1	2080
FourColor.Present10Hub2	2.1	2080
FourColor.Present10Step1	4.6	2160
FourColor.Present10Step2	9.4	2376
FourColor.Present10Step3	5.3	2195
FourColor.Present11	2.2	2006
FourColor.Present11Chk1	8.0	2195
FourColor.Present11Chk2	6.4	2048
FourColor.Present11Chk3	6.8	2072
FourColor.Present11Chk4	31.8	2781
FourColor.Present11Chk5	38.2	2468
FourColor.Present11Chk6	15.9	2229
FourColor.Present11Defs	4.1	2182
FourColor.Present11Hub1	1.5	2009
FourColor.Present11Step1	7.2	2233
FourColor.Present5	1.5	2000
FourColor.Present5Chk1	2.2	2005
FourColor.Present5Defs	1.9	2104
FourColor.Present5Step1	1.9	2024
FourColor.Present6	1.8	2005
FourColor.Present6Chk1	26.4	2730
FourColor.Present6Chk2	7.6	2073
FourColor.Present6Chk3	5.8	2055
FourColor.Present6Chk4	14.4	2098
FourColor.Present6Chk5	6.5	2057
FourColor.Present6Chk6	5.8	2067
FourColor.Present6Chk7	5.1	2030
FourColor.Present6Chk8	3.5	2022
FourColor.Present6Defs	4.3	2200
FourColor.Present6Step1	13.1	2394
FourColor.Present7	1.5	2045
FourColor.Present7Chk1	55.1	2854
FourColor.Present7Chk10	17.4	2394
FourColor.Present7Chk100	70.6	3862
FourColor.Present7Chk101	16.9	2352
FourColor.Present7Chk102	8.6	2085
FourColor.Present7Chk103	19.5	2505
FourColor.Present7Chk104	14.3	2395
FourColor.Present7Chk105	16.4	2353
FourColor.Present7Chk106	17.4	2220
FourColor.Present7Chk107	43.0	3685
FourColor.Present7Chk108	33.8	2452
FourColor.Present7Chk109	18.3	2317
FourColor.Present7Chk11	17.4	2702
FourColor.Present7Chk110	13.0	2256
FourColor.Present7Chk111	19.3	2350
FourColor.Present7Chk112	51.4	2932
FourColor.Present7Chk113	44.5	3054
FourColor.Present7Chk12	21.7	2969
FourColor.Present7Chk13	43.4	3065
FourColor.Present7Chk14	21.3	2248
FourColor.Present7Chk15	39.7	2689
FourColor.Present7Chk16	46.6	3516
FourColor.Present7Chk17	29.7	3183
FourColor.Present7Chk18	19.0	2410
FourColor.Present7Chk19	46.2	2784
FourColor.Present7Chk2	37.0	2374
FourColor.Present7Chk20	18.3	2273
FourColor.Present7Chk21	34.9	2622
FourColor.Present7Chk22	34.0	2922
FourColor.Present7Chk23	28.0	2767
FourColor.Present7Chk24	50.5	2887
FourColor.Present7Chk25	54.1	2654
FourColor.Present7Chk26	19.6	2256
FourColor.Present7Chk27	29.5	2620
FourColor.Present7Chk28	21.8	2524
FourColor.Present7Chk29	32.2	2775
FourColor.Present7Chk3	26.3	2294
FourColor.Present7Chk30	31.0	2991
FourColor.Present7Chk31	24.5	2861
FourColor.Present7Chk32	30.1	2484
FourColor.Present7Chk33	22.5	2326
FourColor.Present7Chk34	45.8	3896
FourColor.Present7Chk35	21.6	2351
FourColor.Present7Chk36	37.2	2553
FourColor.Present7Chk37	61.0	4245
FourColor.Present7Chk38	23.8	2601
FourColor.Present7Chk39	37.6	2809
FourColor.Present7Chk4	31.4	3036
FourColor.Present7Chk40	64.5	4174
FourColor.Present7Chk41	71.9	4176
FourColor.Present7Chk42	47.4	3330
FourColor.Present7Chk43	75.7	5622
FourColor.Present7Chk44	64.5	3598
FourColor.Present7Chk45	96.5	4176
FourColor.Present7Chk46	73.1	3479
FourColor.Present7Chk47	21.4	2359
FourColor.Present7Chk48	16.9	2291
FourColor.Present7Chk49	43.4	4080
FourColor.Present7Chk5	47.7	3727
FourColor.Present7Chk50	28.7	3171
FourColor.Present7Chk51	36.7	3683
FourColor.Present7Chk52	43.0	4449
FourColor.Present7Chk53	43.4	3837
FourColor.Present7Chk54	34.6	2674
FourColor.Present7Chk55	23.1	3536
FourColor.Present7Chk56	75.9	4660
FourColor.Present7Chk57	47.4	3353
FourColor.Present7Chk58	20.8	2992
FourColor.Present7Chk59	22.4	2438
FourColor.Present7Chk6	25.0	2687
FourColor.Present7Chk60	12.5	2235
FourColor.Present7Chk61	43.7	2677
FourColor.Present7Chk62	169.2	6587
FourColor.Present7Chk63	204.0	6417
FourColor.Present7Chk64	38.6	4551
FourColor.Present7Chk65	44.0	3248
FourColor.Present7Chk66	134.0	5162
FourColor.Present7Chk67	33.8	2523
FourColor.Present7Chk68	185.5	6708
FourColor.Present7Chk69	28.1	2369
FourColor.Present7Chk7	38.1	2929
FourColor.Present7Chk70	25.2	2565
FourColor.Present7Chk71	27.3	2575
FourColor.Present7Chk72	28.0	2626
FourColor.Present7Chk73	35.0	2790
FourColor.Present7Chk74	145.1	8208
FourColor.Present7Chk75	58.5	3840
FourColor.Present7Chk76	64.9	3325
FourColor.Present7Chk77	8.0	2098
FourColor.Present7Chk78	11.8	2344
FourColor.Present7Chk79	14.2	2515
FourColor.Present7Chk8	39.6	3513
FourColor.Present7Chk80	18.5	3277
FourColor.Present7Chk81	14.1	2318
FourColor.Present7Chk82	14.8	2272
FourColor.Present7Chk83	32.3	3142
FourColor.Present7Chk84	100.5	6473
FourColor.Present7Chk85	204.2	7514
FourColor.Present7Chk86	107.4	8123
FourColor.Present7Chk87	189.6	9245
FourColor.Present7Chk88	53.8	4125
FourColor.Present7Chk89	36.2	3065
FourColor.Present7Chk9	44.9	3527
FourColor.Present7Chk90	48.8	2717
FourColor.Present7Chk91	19.0	2536
FourColor.Present7Chk92	11.8	2170
FourColor.Present7Chk93	24.4	2766
FourColor.Present7Chk94	19.5	2498
FourColor.Present7Chk95	30.3	3322
FourColor.Present7Chk96	39.3	3112
FourColor.Present7Chk97	59.8	3312
FourColor.Present7Chk98	72.2	3894
FourColor.Present7Chk99	59.4	5962
FourColor.Present7Defs	24.0	2984
FourColor.Present7Hub1	1.6	2040
FourColor.Present7Step1	12.6	2401
FourColor.Present7Step10	12.4	2446
FourColor.Present7Step11	8.0	2327
FourColor.Present7Step12	6.8	2249
FourColor.Present7Step13	2.0	2072
FourColor.Present7Step2	12.7	2404
FourColor.Present7Step3	12.3	2416
FourColor.Present7Step4	6.5	2181
FourColor.Present7Step5	8.5	2284
FourColor.Present7Step6	14.9	2465
FourColor.Present7Step7	11.0	2418
FourColor.Present7Step8	9.9	2325
FourColor.Present7Step9	6.5	2248
FourColor.Present8	1.4	2044
FourColor.Present8Chk1	77.9	3619
FourColor.Present8Chk10	45.9	2907
FourColor.Present8Chk100	47.4	4117
FourColor.Present8Chk101	31.3	3147
FourColor.Present8Chk102	38.3	2610
FourColor.Present8Chk103	139.8	6363
FourColor.Present8Chk104	29.0	3230
FourColor.Present8Chk105	35.8	2824
FourColor.Present8Chk106	26.7	2252
FourColor.Present8Chk107	12.6	2187
FourColor.Present8Chk108	15.7	2592
FourColor.Present8Chk109	62.7	3906
FourColor.Present8Chk11	32.8	2506
FourColor.Present8Chk110	16.0	2841
FourColor.Present8Chk12	111.8	3533
FourColor.Present8Chk13	58.5	3079
FourColor.Present8Chk14	51.4	3292
FourColor.Present8Chk15	58.8	3331
FourColor.Present8Chk16	56.3	4177
FourColor.Present8Chk17	39.6	2849
FourColor.Present8Chk18	37.4	3503
FourColor.Present8Chk19	52.3	3567
FourColor.Present8Chk2	79.2	2524
FourColor.Present8Chk20	57.5	2970
FourColor.Present8Chk21	20.8	2311
FourColor.Present8Chk22	21.0	2497
FourColor.Present8Chk23	45.8	3244
FourColor.Present8Chk24	19.5	2358
FourColor.Present8Chk25	61.3	3078
FourColor.Present8Chk26	50.3	2880
FourColor.Present8Chk27	37.3	3424
FourColor.Present8Chk28	15.4	2281
FourColor.Present8Chk29	27.8	2704
FourColor.Present8Chk3	61.9	2980
FourColor.Present8Chk30	20.9	2408
FourColor.Present8Chk31	61.8	4164
FourColor.Present8Chk32	98.1	4160
FourColor.Present8Chk33	90.7	4138
FourColor.Present8Chk34	72.0	4175
FourColor.Present8Chk35	103.1	3976
FourColor.Present8Chk36	128.2	3928
FourColor.Present8Chk37	156.9	3850
FourColor.Present8Chk38	27.7	2632
FourColor.Present8Chk39	56.7	3880
FourColor.Present8Chk4	28.3	2564
FourColor.Present8Chk40	23.3	2406
FourColor.Present8Chk41	60.2	3443
FourColor.Present8Chk42	44.3	3076
FourColor.Present8Chk43	35.2	3379
FourColor.Present8Chk44	36.7	2662
FourColor.Present8Chk45	42.2	2973
FourColor.Present8Chk46	35.4	2877
FourColor.Present8Chk47	33.7	2507
FourColor.Present8Chk48	21.1	2522
FourColor.Present8Chk49	27.2	2785
FourColor.Present8Chk5	30.5	2562
FourColor.Present8Chk50	48.3	3995
FourColor.Present8Chk51	112.2	3980
FourColor.Present8Chk52	51.2	2983
FourColor.Present8Chk53	17.8	2640
FourColor.Present8Chk54	40.5	3030
FourColor.Present8Chk55	47.5	3031
FourColor.Present8Chk56	44.5	2757
FourColor.Present8Chk57	53.4	3697
FourColor.Present8Chk58	88.5	3997
FourColor.Present8Chk59	69.8	4000
FourColor.Present8Chk6	58.0	3050
FourColor.Present8Chk60	28.3	2589
FourColor.Present8Chk61	92.3	3913
FourColor.Present8Chk62	37.6	3753
FourColor.Present8Chk63	67.5	4543
FourColor.Present8Chk64	22.9	2943
FourColor.Present8Chk65	49.6	3554
FourColor.Present8Chk66	61.8	3696
FourColor.Present8Chk67	78.1	4564
FourColor.Present8Chk68	27.6	2830
FourColor.Present8Chk69	54.0	4099
FourColor.Present8Chk7	45.1	2832
FourColor.Present8Chk70	54.0	2933
FourColor.Present8Chk71	29.4	2818
FourColor.Present8Chk72	43.8	3182
FourColor.Present8Chk73	31.1	2944
FourColor.Present8Chk74	29.7	2668
FourColor.Present8Chk75	30.0	2966
FourColor.Present8Chk76	65.6	3023
FourColor.Present8Chk77	45.6	2950
FourColor.Present8Chk78	45.2	3250
FourColor.Present8Chk79	26.3	2629
FourColor.Present8Chk8	39.1	2578
FourColor.Present8Chk80	29.2	2933
FourColor.Present8Chk81	28.1	3255
FourColor.Present8Chk82	40.4	3795
FourColor.Present8Chk83	27.7	2679
FourColor.Present8Chk84	44.0	3008
FourColor.Present8Chk85	53.7	2984
FourColor.Present8Chk86	23.2	2740
FourColor.Present8Chk87	40.9	3557
FourColor.Present8Chk88	41.4	2536
FourColor.Present8Chk89	55.4	3248
FourColor.Present8Chk9	58.9	3453
FourColor.Present8Chk90	71.9	3782
FourColor.Present8Chk91	53.0	3542
FourColor.Present8Chk92	89.0	3762
FourColor.Present8Chk93	16.0	2269
FourColor.Present8Chk94	34.2	2746
FourColor.Present8Chk95	54.4	3106
FourColor.Present8Chk96	29.5	2850
FourColor.Present8Chk97	12.3	2698
FourColor.Present8Chk98	8.9	2111
FourColor.Present8Chk99	29.7	2942
FourColor.Present8Defs	22.6	2869
FourColor.Present8Hub1	1.9	2101
FourColor.Present8Hub2	1.8	2102
FourColor.Present8Hub3	1.8	2111
FourColor.Present8Hub4	1.8	2105
FourColor.Present8Hub5	1.4	2036
FourColor.Present8Step1	13.7	2500
FourColor.Present8Step10	4.5	2190
FourColor.Present8Step2	11.9	2457
FourColor.Present8Step3	10.7	2388
FourColor.Present8Step4	9.4	2379
FourColor.Present8Step5	8.3	2300
FourColor.Present8Step6	8.3	2332
FourColor.Present8Step7	11.5	2448
FourColor.Present8Step8	9.1	2331
FourColor.Present8Step9	8.2	2332
FourColor.Present9	2.1	2031
FourColor.Present9Chk1	37.5	2507
FourColor.Present9Chk10	33.3	2758
FourColor.Present9Chk11	21.7	2649
FourColor.Present9Chk12	46.7	2736
FourColor.Present9Chk13	27.5	2629
FourColor.Present9Chk14	42.1	2760
FourColor.Present9Chk15	42.5	2966
FourColor.Present9Chk16	30.7	2944
FourColor.Present9Chk17	24.5	2326
FourColor.Present9Chk18	18.8	2389
FourColor.Present9Chk19	58.6	2972
FourColor.Present9Chk2	38.2	2584
FourColor.Present9Chk20	15.3	2949
FourColor.Present9Chk21	37.5	3100
FourColor.Present9Chk22	28.8	2891
FourColor.Present9Chk23	31.6	3017
FourColor.Present9Chk24	55.4	3388
FourColor.Present9Chk25	91.0	3836
FourColor.Present9Chk26	58.5	3611
FourColor.Present9Chk27	48.4	3042
FourColor.Present9Chk28	20.1	2434
FourColor.Present9Chk29	34.6	2680
FourColor.Present9Chk3	35.2	2679
FourColor.Present9Chk30	59.8	3441
FourColor.Present9Chk31	29.7	2787
FourColor.Present9Chk32	61.4	3273
FourColor.Present9Chk33	21.2	3310
FourColor.Present9Chk34	46.7	2832
FourColor.Present9Chk35	22.5	2740
FourColor.Present9Chk36	35.1	2638
FourColor.Present9Chk37	43.8	2909
FourColor.Present9Chk38	38.4	2944
FourColor.Present9Chk39	59.0	3250
FourColor.Present9Chk4	27.4	2747
FourColor.Present9Chk40	43.4	2881
FourColor.Present9Chk41	25.6	2919
FourColor.Present9Chk42	16.7	2529
FourColor.Present9Chk43	36.3	3056
FourColor.Present9Chk44	30.1	3487
FourColor.Present9Chk45	44.0	3463
FourColor.Present9Chk46	38.2	3354
FourColor.Present9Chk47	29.0	3062
FourColor.Present9Chk48	41.1	3280
FourColor.Present9Chk49	25.5	2732
FourColor.Present9Chk5	25.5	2252
FourColor.Present9Chk50	31.4	2717
FourColor.Present9Chk51	38.0	3022
FourColor.Present9Chk52	37.7	3223
FourColor.Present9Chk53	53.6	3210
FourColor.Present9Chk54	37.2	2460
FourColor.Present9Chk55	19.7	2832
FourColor.Present9Chk56	81.8	3258
FourColor.Present9Chk57	44.6	3611
FourColor.Present9Chk58	19.1	2533
FourColor.Present9Chk59	28.5	2674
FourColor.Present9Chk6	21.4	2246
FourColor.Present9Chk60	31.9	2652
FourColor.Present9Chk61	49.6	2824
FourColor.Present9Chk62	75.0	3081
FourColor.Present9Chk63	10.6	2171
FourColor.Present9Chk64	24.4	2977
FourColor.Present9Chk65	76.0	3557
FourColor.Present9Chk66	35.7	3103
FourColor.Present9Chk67	11.5	2317
FourColor.Present9Chk68	27.8	3152
FourColor.Present9Chk69	53.1	3410
FourColor.Present9Chk7	44.4	2744
FourColor.Present9Chk70	40.2	3530
FourColor.Present9Chk71	55.7	4212
FourColor.Present9Chk72	16.2	2961
FourColor.Present9Chk73	18.9	2890
FourColor.Present9Chk74	23.9	3228
FourColor.Present9Chk75	31.4	3079
FourColor.Present9Chk76	17.7	2523
FourColor.Present9Chk77	27.0	2561
FourColor.Present9Chk8	25.1	2922
FourColor.Present9Chk9	15.3	2669
FourColor.Present9Defs	14.9	2608
FourColor.Present9Hub1	1.8	2094
FourColor.Present9Hub2	2.1	2090
FourColor.Present9Hub3	2.0	2094
FourColor.Present9Hub4	2.1	2095
FourColor.Present9Hub5	2.0	2096
FourColor.Present9Hub6	1.6	2063
FourColor.Present9Step1	11.0	2412
FourColor.Present9Step2	8.3	2268
FourColor.Present9Step3	8.6	2324
FourColor.Present9Step4	7.0	2298
FourColor.Present9Step5	8.7	2331
FourColor.Present9Step6	6.9	2275
FourColor.Present9Step7	7.1	2276
FourColor.Present9Step8	4.5	2158
FourColor.Quiz	3.8	2090
FourColor.QuizData	116.5	2942
FourColor.QuizTree	5.2	2077
FourColor.QuizTreeData	17.6	2222
FourColor.RealPlane	1.7	2145
FourColor.RealPlaneMathlib	1.5	2131
FourColor.RedPart	7.4	2209
FourColor.RedpartSound	1.4	2044
FourColor.Reduce.All	2.3	2907
FourColor.RevSnip	3.1	2113
FourColor.Seq	1.1	1496
FourColor.Sew	2.0	1952
FourColor.Snip	3.1	2080
FourColor.TheQuizTree	3.5	2498
FourColor.Unavoidability	4.3	2308
FourColor.Walkup	2.1	2066
